,City,Lat,Lng,Max Temp,Humidity,Cloudiness,Wind Speed,Country,Date
0,Port Elizabeth,-33.92,25.57,68.0,82,0,13.87,ZA,1608059557
1,Cabo San Lucas,22.89,-109.91,75.0,60,20,3.36,MX,1608059391
2,Lebu,-37.62,-73.65,56.53,59,0,23.44,CL,1608059429
3,Bredasdorp,-34.53,20.04,60.8,67,0,3.36,ZA,1608059558
4,Noshiro,40.2,140.02,28.96,89,99,21.16,JP,1608059558
5,Dikson,73.51,80.55,-19.7,85,0,4.03,RU,1608059558
6,San Miguel de Cozumel,20.51,-86.95,84.2,70,75,5.82,MX,1608059396
7,Jamestown,42.1,-79.24,28.0,58,90,8.05,US,1608059559
8,Mossamedes,-15.2,12.15,67.51,81,74,3.74,AO,1608059559
9,Hobart,-42.88,147.33,55.4,54,90,14.99,AU,1608059384
10,Hilo,19.73,-155.09,73.4,78,1,5.82,US,1608059444
11,Kapaa,22.08,-159.32,77.0,78,20,11.41,US,1608059559
12,Nikolskoye,59.7,30.79,30.2,92,90,4.47,RU,1608059559
13,Oranjemund,-28.55,16.43,63.46,78,0,23.2,NA,1608059559
14,Mogzon,51.74,111.96,-5.22,88,72,4.0,RU,1608059559
15,Fort Morgan,40.25,-103.8,30.2,68,90,17.22,US,1608059560
16,Barcelos,41.54,-8.62,55.4,76,20,23.04,PT,1608059560
17,Sur,22.57,59.53,69.84,49,61,11.7,OM,1608059560
18,Bandarbeyla,9.49,50.81,74.75,76,0,22.1,SO,1608059560
19,Barrow,71.29,-156.79,-5.8,76,1,20.8,US,1608059560
20,New Norfolk,-42.78,147.06,55.0,66,99,1.99,AU,1608059560
21,Ostrovnoy,68.05,39.51,19.72,95,100,17.2,RU,1608059561
22,Alofi,-19.06,-169.92,77.0,94,90,27.51,NU,1608059561
23,Borogontsy,62.67,131.17,-50.66,76,60,2.75,RU,1608059561
24,Albany,42.6,-73.97,33.01,33,59,5.01,US,1608059432
25,Ust'-Omchug,61.15,149.63,-19.14,83,85,11.16,RU,1608059561
26,Hermanus,-34.42,19.23,61.0,77,0,7.72,ZA,1608059561
27,Ushuaia,-54.8,-68.3,44.6,87,75,40.26,AR,1608059466
28,Fortuna,40.6,-124.16,48.99,92,100,13.0,US,1608059562
29,Baoma,31.49,106.11,41.54,81,100,1.74,CN,1608059562
30,Cape Town,-33.93,18.42,66.0,63,0,24.16,ZA,1608059510
31,Chinhoyi,-17.37,30.2,69.64,87,100,3.44,ZW,1608059562
32,Port Alfred,-33.59,26.89,66.99,90,0,4.0,ZA,1608059563
33,Punta Arenas,-53.15,-70.92,53.6,54,20,46.08,CL,1608059563
34,Balaipungut,1.05,101.28,75.2,94,40,2.39,ID,1608059563
35,Hong Kong,22.29,114.16,57.99,76,94,8.28,HK,1608059331
36,Tiksi,71.69,128.87,-23.57,85,0,2.13,RU,1608059563
37,Druzhba,52.04,33.95,21.72,97,1,5.26,UA,1608059563
38,Faya,18.39,42.45,57.2,87,0,1.95,SA,1608059564
39,Butaritari,3.07,172.79,81.32,81,100,15.75,KI,1608059564
40,Vaini,-21.2,-175.2,73.4,100,75,20.8,TO,1608059564
41,Gornopravdinsk,60.05,69.9,8.89,95,100,6.64,RU,1608059564
42,Atuona,-9.8,-139.03,79.0,76,17,20.78,PF,1608059564
43,Yinchuan,38.47,106.27,16.48,78,0,4.36,CN,1608059564
44,Rikitea,-23.12,-134.97,76.87,71,1,6.64,PF,1608059565
45,Bambous Virieux,-20.34,57.76,77.0,94,40,13.87,MU,1608059565
46,Chokurdakh,70.63,147.92,-29.92,86,94,2.01,RU,1608059565
47,Ribeira Grande,38.52,-28.7,60.8,77,40,16.11,PT,1608059565
48,Busselton,-33.65,115.33,55.0,75,0,3.0,AU,1608059565
49,East London,-33.02,27.91,68.0,88,75,5.82,ZA,1608059565
50,Tevaitoa,-16.78,-151.5,80.82,77,95,18.7,PF,1608059566
51,Ajmer,26.45,74.63,53.29,61,0,8.61,IN,1608059566
52,Nouadhibou,20.93,-17.03,69.8,73,0,16.11,MR,1608059566
53,Korla,41.76,86.15,18.68,88,0,1.28,CN,1608059566
54,Ponta do Sol,32.67,-17.1,62.6,67,75,3.36,PT,1608059566
55,Polunochnoye,60.87,60.42,12.16,93,100,3.2,RU,1608059566
56,Narsaq,60.92,-46.05,37.4,32,20,19.46,GL,1608059567
57,Arraial do Cabo,-22.97,-42.03,87.8,62,0,12.75,BR,1608059567
58,Alhambra,34.1,-118.13,66.0,23,1,2.75,US,1608059567
59,Ahipara,-35.17,173.17,61.88,74,0,6.24,NZ,1608059567
60,Shumerlya,55.5,46.41,19.8,96,100,7.72,RU,1608059567
61,Killybegs,54.63,-8.45,42.8,87,90,17.22,IE,1608059567
62,Berlevåg,70.86,29.09,35.6,80,75,8.05,NO,1608059567
63,Mataura,-46.19,168.86,63.0,57,1,8.01,NZ,1608059568
64,Paphos,34.77,32.42,59.0,77,40,25.32,CY,1608059568
65,Krasnosel'kup,65.7,82.47,-10.68,87,100,15.88,RU,1608059568
66,Kruisfontein,-34.0,24.73,68.0,77,2,3.0,ZA,1608059568
67,Okhotsk,59.38,143.3,1.45,85,100,25.61,RU,1608059568
68,São José da Coroa Grande,-8.9,-35.15,81.46,70,65,12.53,BR,1608059568
69,Puerto Ayora,-0.74,-90.35,78.8,65,75,9.1,EC,1608059568
70,George Town,5.41,100.34,77.0,94,20,3.36,MY,1608059415
71,Bethel,41.37,-73.41,37.0,40,1,9.17,US,1608059569
72,Rocha,-34.48,-54.33,69.46,56,0,16.71,UY,1608059569
73,Cidreira,-30.18,-50.21,75.72,80,3,11.95,BR,1608059569
74,Wagar,16.15,36.2,75.94,41,0,12.06,SD,1608059569
75,Talnakh,69.49,88.4,-11.2,83,75,8.95,RU,1608059569
76,Upernavik,72.79,-56.15,8.51,84,0,5.12,GL,1608059569
77,Saint Paul Harbor,57.79,-152.41,34.39,89,100,9.6,US,1608059570
78,Beringovskiy,63.05,179.32,12.83,96,100,10.09,RU,1608059570
79,Ginda,30.69,78.49,38.37,52,0,6.51,IN,1608059570
80,Saint-Joseph,-21.37,55.62,75.2,94,51,3.36,RE,1608059570
81,Atar,20.52,-13.05,73.24,21,0,9.78,MR,1608059570
82,Lata,40.16,-8.33,55.99,76,40,10.29,PT,1608059424
83,Vila,42.03,-8.16,48.0,90,100,3.0,PT,1608059424
84,Charyshskoye,51.4,83.56,12.16,89,100,2.15,RU,1608059571
85,Chengde,40.97,117.94,3.67,84,0,4.94,CN,1608059571
86,Omboué,-1.57,9.26,78.24,87,100,8.21,GA,1608059571
87,Gisborne,-38.65,178.0,64.99,73,0,3.0,NZ,1608059571
88,Ternate,0.8,127.4,80.62,78,100,10.94,ID,1608059571
89,Udachny,66.42,112.4,-16.6,75,75,6.71,RU,1608059572
90,Oistins,13.07,-59.53,86.0,70,40,10.29,BB,1608059572
91,San Patricio,28.02,-97.52,66.0,63,90,6.93,US,1608059572
92,Aswān,24.09,32.91,61.03,35,0,8.75,EG,1608059572
93,Tuktoyaktuk,69.45,-133.04,-9.4,76,90,12.75,CA,1608059572
94,Avarua,-21.21,-159.78,80.6,83,97,13.87,CK,1608059572
95,Norman Wells,65.28,-126.83,-31.0,73,75,2.24,CA,1608059573
96,Pevek,69.7,170.31,14.76,93,100,12.33,RU,1608059573
97,Kabanjahe,3.1,98.49,77.0,100,40,2.24,ID,1608059573
98,Diamantino,-14.41,-56.45,88.84,53,100,1.92,BR,1608059573
99,Clyde River,70.47,-68.59,-4.0,76,40,17.22,CA,1608059573
100,George,-33.96,22.46,62.6,82,36,2.24,ZA,1608059573
101,Bathsheba,13.22,-59.52,86.0,70,40,10.29,BB,1608059573
102,Chiguayante,-36.92,-73.02,68.0,49,0,20.8,CL,1608059574
103,Sibolga,1.74,98.78,78.64,74,100,2.55,ID,1608059574
104,Khandyga,62.67,135.6,-48.55,75,100,0.54,RU,1608059574
105,Chifeng,42.27,118.96,-5.58,81,0,7.81,CN,1608059574
106,Tuatapere,-46.13,167.68,63.0,57,15,8.01,NZ,1608059574
107,Raudeberg,61.99,5.14,45.0,85,100,13.94,NO,1608059575
108,Salalah,17.02,54.09,73.4,53,0,5.82,OM,1608059479
109,Bubaque,11.28,-15.83,80.89,56,67,11.27,GW,1608059576
110,Umba,66.69,34.34,23.0,95,100,8.16,RU,1608059576
111,Kavieng,-2.57,150.8,82.81,71,100,3.6,PG,1608059576
112,Florianópolis,-27.61,-48.5,77.0,78,40,9.17,BR,1608059576
113,Bluff,-46.6,168.33,63.0,57,52,8.01,NZ,1608059576
114,Taoudenni,22.68,-3.98,73.99,20,22,10.0,ML,1608059576
115,Chvaletice,50.03,15.42,37.99,86,90,9.17,CZ,1608059577
116,Longyearbyen,78.22,15.64,12.2,61,0,23.04,SJ,1608059577
117,Mincivan,39.03,46.72,44.73,67,100,0.25,AZ,1608059577
118,Chunskiy,56.08,99.63,15.93,95,100,12.01,RU,1608059577
119,Dillon,34.42,-79.37,48.99,55,90,13.87,US,1608059577
120,Carnarvon,-24.87,113.63,71.6,88,0,25.28,AU,1608059577
121,Thompson,55.74,-97.86,-22.0,74,20,2.24,CA,1608059577
122,Bulgan,48.81,103.53,4.98,82,0,5.3,MN,1608059578
123,Asău,46.43,26.4,32.0,100,0,1.59,RO,1608059578
124,Saint-Philippe,-21.36,55.77,75.2,94,53,3.36,RE,1608059578
125,Mar del Plata,-38.0,-57.56,64.4,31,20,17.22,AR,1608059351
126,Kaitangata,-46.28,169.85,63.0,59,70,3.0,NZ,1608059578
127,Broome,42.25,-75.83,28.0,62,90,14.99,US,1608059578
128,Aksu,41.12,80.26,19.06,89,82,1.32,CN,1608059578
129,Victor Harbor,-35.57,138.62,62.01,84,100,1.01,AU,1608059579
130,Makokou,0.57,12.86,72.43,90,87,1.77,GA,1608059579
131,Castro,-24.79,-50.01,73.13,82,2,9.35,BR,1608059579
132,São Filipe,14.9,-24.5,74.23,74,15,8.57,CV,1608059579
133,Dryden,49.78,-92.75,1.4,77,90,6.93,CA,1608059579
134,Hithadhoo,-0.6,73.08,81.59,72,91,10.04,MV,1608059579
135,Guarujá,-23.99,-46.26,84.2,79,75,6.93,BR,1608059580
136,Mahébourg,-20.41,57.7,77.0,94,40,13.87,MU,1608059580
137,Lüderitz,-26.65,15.16,69.8,64,0,20.8,NA,1608059580
138,Selma,36.57,-119.61,48.2,100,1,3.36,US,1608059362
139,Jizan,17.33,42.67,82.4,69,0,5.82,SA,1608059341
140,Carutapera,-1.2,-46.02,84.85,66,95,8.84,BR,1608059580
141,Laramie,41.31,-105.59,23.0,79,90,19.46,US,1608059510
142,Isangel,-19.55,169.27,77.94,78,100,19.46,VU,1608059581
143,Ilulissat,69.22,-51.1,26.6,58,40,21.92,GL,1608059581
144,Vestmannaeyjar,63.44,-20.27,42.8,81,75,24.16,IS,1608059581
145,Sungai Besar,3.67,100.99,75.2,100,20,1.05,MY,1608059581
146,Poum,-20.23,164.02,78.78,72,0,11.9,NC,1608059581
147,Jericho,31.87,35.45,55.0,79,89,9.08,PS,1608059582
148,Karratha,-20.74,116.85,79.59,75,78,6.49,AU,1608059582
149,Akdepe,42.06,59.38,17.6,85,90,11.41,TM,1608059582
150,Unaí,-16.36,-46.91,87.51,41,0,3.02,BR,1608059582
151,Qaanaaq,77.48,-69.36,-2.06,64,0,8.03,GL,1608059582
152,Nakonde,-9.34,32.74,62.29,91,99,0.65,ZM,1608059582
153,Semey,50.41,80.23,4.14,90,99,2.3,KZ,1608059583
154,Lavrentiya,65.58,-171.0,16.41,95,100,18.81,RU,1608059583
155,Torbay,47.67,-52.73,37.0,100,90,26.4,CA,1608059583
156,Te Anau,-45.42,167.72,53.65,77,95,6.58,NZ,1608059583
157,Grand Gaube,-20.01,57.66,77.0,91,45,7.0,MU,1608059583
158,Tasiilaq,65.61,-37.64,26.6,63,75,3.36,GL,1608059583
159,Bosaso,11.28,49.18,75.58,68,3,8.79,SO,1608059583
160,Krasnyy Chikoy,50.36,108.75,-6.75,85,0,2.13,RU,1608059584
161,Bud,39.45,-86.18,32.0,78,1,12.75,US,1608059584
162,Quryq,43.2,51.65,34.86,76,60,25.26,KZ,1608059584
163,Henties Bay,-22.12,14.28,62.01,88,46,7.72,NA,1608059584
164,Provideniya,64.38,-173.3,14.47,92,100,13.2,RU,1608059584
165,Constitución,-35.33,-72.42,67.73,38,0,19.73,CL,1608059364
166,Coruripe,-10.13,-36.18,82.24,65,19,12.08,BR,1608059585
167,Puksoozero,62.59,40.61,10.33,97,71,4.0,RU,1608059585
168,Koslan,63.46,48.9,16.43,97,100,3.09,RU,1608059585
169,Kavaratti,10.57,72.64,81.75,65,0,3.89,IN,1608059586
170,Marawi,8.0,124.29,73.0,90,100,5.01,PH,1608059586
171,Bengkulu,-3.8,102.27,76.3,86,99,6.38,ID,1608059586
172,Jodhpur,26.29,73.03,57.51,39,0,13.06,IN,1608059586
173,Esfarāyen,37.08,57.51,26.6,79,0,2.24,IR,1608059587
174,Eau Claire,44.81,-91.5,19.99,57,90,4.7,US,1608059581
175,Margate,51.38,1.39,50.0,82,0,3.0,GB,1608059555
176,Trofors,65.53,13.41,30.2,86,75,2.21,NO,1608059587
177,Kleive,62.8,7.64,42.8,76,40,5.82,NO,1608059587
178,Husavik,66.04,-17.34,37.4,91,90,13.87,IS,1608059587
179,Shiraz,29.6,52.54,39.2,80,0,1.3,IR,1608059294
180,Kitimat,54.05,-128.65,30.99,96,100,4.03,CA,1608059588
181,Maniitsoq,65.42,-52.9,26.2,95,100,17.65,GL,1608059588
182,Cefalù,38.04,14.02,53.01,67,60,5.99,IT,1608059588
183,Dudinka,69.41,86.18,-11.2,83,75,8.95,RU,1608059588
184,Pacific Grove,36.62,-121.92,55.99,58,1,6.04,US,1608059310
185,Gernsheim,49.76,8.5,46.99,95,54,7.96,DE,1608059589
186,Saint-François,46.42,3.91,50.0,100,100,3.36,FR,1608059589
187,Iwaki,37.05,140.88,34.0,71,27,15.46,JP,1608059589
188,Hammerfest,70.66,23.68,30.2,92,75,4.7,NO,1608059589
189,Belomorsk,64.52,34.77,16.21,96,8,5.73,RU,1608059589
190,Nome,64.5,-165.41,18.0,85,90,13.87,US,1608059589
191,Bowen,-20.02,148.23,75.2,94,100,3.36,AU,1608059343
192,Kazanskoye,55.64,69.23,9.48,94,43,7.74,RU,1608059590
193,Lufilufi,-13.87,-171.6,78.8,100,90,8.05,WS,1608059590
194,Mildura,-34.2,142.15,71.6,53,0,9.17,AU,1608059590
195,Comodoro Rivadavia,-45.87,-67.5,77.0,22,75,23.04,AR,1608059513
196,Faanui,-16.48,-151.75,79.9,80,95,18.75,PF,1608059590
197,Sānchor,24.76,71.77,61.88,49,0,10.78,IN,1608059590
198,Djibouti,11.5,42.5,77.0,61,1,4.7,DJ,1608059590
199,Jiayuguan City,39.82,98.3,9.84,85,0,1.72,CN,1608059591
200,Saldanha,-33.01,17.94,62.6,67,0,16.11,ZA,1608059591
201,Novyy Rogachik,48.68,44.06,23.0,92,90,6.71,RU,1608059591
202,Iqaluit,63.75,-68.51,19.4,73,90,11.41,CA,1608059591
203,Khatanga,71.97,102.5,-33.88,84,89,1.05,RU,1608059591
204,Águilas,37.41,-1.58,55.99,61,8,4.0,ES,1608059567
205,Zhangye,38.93,100.45,12.11,87,0,3.15,CN,1608059591
206,Saint George,37.1,-113.58,44.6,36,1,4.7,US,1608059552
207,Ambilobe,-13.2,49.05,77.34,83,89,2.95,MG,1608059592
208,Turhal,40.39,36.08,48.2,93,75,2.24,TR,1608059592
209,Mayor Pablo Lagerenza,-19.93,-60.77,96.75,36,65,16.11,PY,1608059592
210,Marsabit,2.33,37.99,68.61,57,0,6.6,KE,1608059592
211,Chumikan,54.72,135.31,-11.31,77,100,27.6,RU,1608059592
212,Chui,-33.7,-53.46,74.25,57,0,15.86,UY,1608059593
213,Sovetskiy,61.36,63.58,11.52,97,96,3.69,RU,1608059593
214,Keningau,5.34,116.16,77.0,88,20,4.7,MY,1608059593
215,Vao,-22.67,167.48,75.99,77,1,22.88,NC,1608059593
216,Burns Lake,54.23,-125.75,21.2,92,100,2.24,CA,1608059593
217,Ancud,-41.87,-73.82,57.2,47,40,9.17,CL,1608059593
218,Pāsighāt,28.07,95.33,58.96,56,0,2.8,IN,1608059594
219,Havelock,34.88,-76.9,48.99,61,40,16.11,US,1608059348
220,Yulara,-25.24,130.99,75.2,64,75,16.11,AU,1608059594
221,Misratah,32.38,15.09,61.2,66,0,1.03,LY,1608059594
222,Gien,47.69,2.63,46.99,98,100,6.2,FR,1608059594
223,Dawlatabad,36.41,64.91,27.68,93,0,2.82,AF,1608059594
224,Cervo,43.67,-7.41,55.99,71,100,7.0,ES,1608059594
225,Mangai,-4.05,19.53,72.1,92,86,2.91,CD,1608059595
226,Geraldton,-28.77,114.6,68.0,77,40,13.87,AU,1608059595
227,Bagting,15.56,121.25,72.48,84,0,4.45,PH,1608059595
228,Sambava,-14.27,50.17,77.9,80,0,14.12,MG,1608059525
229,Pisco,-13.7,-76.22,71.6,73,75,8.05,PE,1608059595
230,Qui Nhon,13.77,109.23,75.27,89,81,15.32,VN,1608059595
231,Halifax,44.65,-63.57,30.99,68,75,25.28,CA,1608059341
232,Basco,20.45,121.97,74.62,85,100,28.61,PH,1608059596
233,Nabire,-3.37,135.48,77.0,86,99,2.8,ID,1608059596
234,Ankang,32.68,109.02,37.99,43,36,8.99,CN,1608059596
235,Iwanai,42.97,140.51,22.93,92,100,9.66,JP,1608059596
236,Ust'-Karsk,52.7,118.81,-14.93,83,1,3.02,RU,1608059596
237,Zhigansk,66.77,123.37,-40.63,80,67,7.43,RU,1608059597
238,Tura,25.52,90.22,58.8,82,0,3.29,IN,1608059415
239,Lompoc,34.64,-120.46,59.0,47,1,6.93,US,1608059471
240,Iglesias,39.31,8.54,55.4,100,0,1.12,IT,1608059597
241,Marabu,4.41,114.01,75.2,100,40,1.12,MY,1608059597
242,Oddur,4.12,43.89,76.98,31,0,7.52,SO,1608059597
243,Brae,60.4,-1.35,46.4,87,20,6.93,GB,1608059598
244,Vanimo,-2.67,141.3,77.99,84,100,5.37,PG,1608059598
245,Shimoda,34.67,138.95,33.01,65,0,1.01,JP,1608059598
246,Elko,41.0,-115.5,28.0,73,1,4.7,US,1608059598
247,Andenes,69.31,16.12,35.6,93,90,12.75,NO,1608059543
248,Valentín Gómez Farías,28.22,-106.58,63.16,24,0,20.76,MX,1608059599
249,Sitka,57.05,-135.33,44.6,56,90,17.22,US,1608059599
250,Fairbanks,64.84,-147.72,12.2,66,90,1.12,US,1608059599
251,Killorglin,52.1,-9.78,44.6,87,20,9.17,IE,1608059599
252,Harper,4.38,-7.72,79.21,84,73,6.35,LR,1608059599
253,Dayong,25.02,118.29,55.4,71,75,15.66,CN,1608059599
254,Saskylakh,71.92,114.08,-29.96,83,8,5.23,RU,1608059599
255,Kalmunai,7.42,81.82,77.34,83,8,4.34,LK,1608059600
256,Porbandar,21.64,69.61,67.37,48,0,13.15,IN,1608059600
257,Araouane,18.9,-3.53,75.27,22,0,6.35,ML,1608059600
258,Rapid Valley,44.06,-103.15,30.0,85,1,5.82,US,1608059521
259,Wadi Maliz,36.47,8.55,60.8,77,40,5.82,TN,1608059600
260,Bolzano,46.49,11.33,41.0,80,75,2.24,IT,1608059328
261,Bataiporã,-22.3,-53.27,88.23,54,90,4.97,BR,1608059600
262,Huarmey,-10.07,-78.15,73.53,67,99,10.69,PE,1608059601
263,Bijni,26.5,90.7,62.85,76,0,1.9,IN,1608059601
264,Yellowknife,62.46,-114.35,-31.0,73,20,4.7,CA,1608059522
265,Yenagoa,4.92,6.26,77.5,90,100,4.47,NG,1608059601
266,Derzhavīnsk,51.1,66.32,3.65,90,37,6.13,KZ,1608059601
267,Yuzhno-Kurilsk,44.03,145.86,26.58,91,100,21.88,RU,1608059601
268,Karad,17.28,74.2,71.38,53,85,3.78,IN,1608059602
269,Inhambane,-23.86,35.38,82.0,83,20,6.93,MZ,1608059602
270,Kibala,9.11,18.35,77.0,53,0,3.56,TD,1608059602
271,Port Shepstone,-30.74,30.45,71.17,82,84,16.02,ZA,1608059602
272,Lodja,-3.48,23.43,74.66,75,100,2.19,CD,1608059531
273,Warmbad,-28.45,18.73,79.56,15,0,9.48,NA,1608059602
274,Esperance,-33.87,121.9,51.8,81,45,6.93,AU,1608059603
275,Roald,62.58,6.13,43.0,93,75,4.7,NO,1608059603
276,Northam,51.03,-4.22,46.0,89,100,7.0,GB,1608059603
277,Pudozh,61.81,36.53,23.67,98,100,4.12,RU,1608059603
278,Opuwo,-18.06,13.84,71.91,34,0,12.12,NA,1608059603
279,Hamilton,39.18,-84.53,37.0,51,1,9.17,US,1608059468
280,Buchanan,5.88,-10.05,82.4,83,75,7.54,LR,1608059604
281,Santa Rosalía,27.32,-112.28,64.67,42,0,13.78,MX,1608059604
282,Sorata,-15.77,-68.63,58.46,63,89,7.85,BO,1608059604
283,Byron Bay,-28.65,153.62,73.4,94,75,2.24,AU,1608059604
284,Hurricane,37.18,-113.29,44.6,36,1,4.7,US,1608059604
285,Palapye,-22.55,27.13,70.47,73,99,2.98,BW,1608059604
286,Moose Factory,51.26,-80.61,-7.6,63,1,12.75,CA,1608059604
287,Goderich,43.75,-81.72,23.0,73,100,8.05,CA,1608059605
288,Ibrā’,22.69,58.53,58.14,72,81,5.77,OM,1608059605
289,Lyuban',52.8,28.0,30.85,98,100,4.72,BY,1608059605
290,Katsuura,35.13,140.3,39.2,38,20,6.93,JP,1608059605
291,Kingsport,36.55,-82.56,48.99,52,40,0.65,US,1608059353
292,Tornio,65.85,24.15,28.4,92,90,8.05,FI,1608059605
293,Taltal,-25.4,-70.48,69.1,58,22,7.25,CL,1608059605
294,Neosho,36.87,-94.37,34.0,81,100,3.0,US,1608059606
295,Clevelândia,-26.4,-52.47,77.65,68,0,3.36,BR,1608059606
296,Palmer,42.16,-72.33,34.0,24,40,16.11,US,1608059606
297,Tolbazy,54.02,55.88,6.8,84,100,6.71,RU,1608059606
298,Acajutla,13.59,-89.83,80.01,68,26,1.99,SV,1608059400
299,Sioux Lookout,50.1,-91.92,1.4,77,90,6.93,CA,1608059606
300,Namie,37.48,141.0,30.0,84,63,6.42,JP,1608059512
301,Shawinigan,46.57,-72.75,10.4,46,15,10.29,CA,1608059348
302,Nemenčinė,54.85,25.48,30.0,100,90,9.17,LT,1608059607
303,Launceston,-41.45,147.17,55.99,76,90,21.92,AU,1608059607
304,Ordu,40.91,37.68,59.0,87,75,14.99,TR,1608059607
305,Kysyl-Syr,63.9,122.76,-33.59,83,86,5.48,RU,1608059607
306,Caravelas,-17.71,-39.25,82.08,59,52,9.42,BR,1608059607
307,Chapais,49.78,-74.85,-9.4,69,75,14.99,CA,1608059608
308,Bairnsdale,-37.83,147.62,63.0,1,57,3.0,AU,1608059608
309,Sokoni,-6.43,39.55,80.6,83,20,11.41,TZ,1608059608
310,Talara,-4.58,-81.27,82.4,48,0,9.17,PE,1608059608
311,Vestmanna,62.16,-7.17,42.8,100,100,11.41,FO,1608059608
312,Ürümqi,43.8,87.6,-4.0,83,75,0.81,CN,1608059354
313,Mehamn,71.04,27.85,35.6,95,75,3.36,NO,1608059609
314,Solnechnyy,50.72,136.63,-2.04,85,100,2.04,RU,1608059609
315,Nishihara,26.18,127.76,60.8,72,40,10.29,JP,1608059609
316,Sidhaulī,27.28,80.83,59.0,82,40,6.02,IN,1608059609
317,Qasigiannguit,68.82,-51.19,26.6,58,40,21.92,GL,1608059609
318,Ngunguru,-35.62,174.5,59.0,85,21,5.01,NZ,1608059609
319,Shediac,46.22,-64.54,25.0,68,75,21.92,CA,1608059610
320,Coquimbo,-29.95,-71.34,62.6,72,40,12.75,CL,1608059565
321,Sulangan,11.14,123.72,81.77,79,89,13.56,PH,1608059610
322,Takoradze,4.88,-1.76,79.11,85,100,7.07,GH,1608059610
323,Mount Isa,-20.73,139.5,80.6,57,100,5.82,AU,1608059610
324,North Bend,43.41,-124.22,53.6,81,90,19.46,US,1608059610
325,Santa Isabel Rio Negro,-0.41,-65.02,86.52,65,100,1.99,BR,1608059611
326,Saint-Jean-de-Braye,47.91,1.98,46.99,100,0,8.05,FR,1608059611
327,Nemuro,43.32,145.57,25.7,86,28,19.84,JP,1608059611
328,Fairview,40.81,-74.0,39.99,41,40,6.93,US,1608059611
329,Shanghai,31.22,121.46,41.0,51,0,11.18,CN,1608059607
330,Shostka,51.86,33.47,22.91,97,5,4.92,UA,1608059472
331,Esim,4.87,-2.24,78.78,85,100,6.24,GH,1608059612
332,Daru,-9.08,143.21,79.43,87,100,8.57,PG,1608059612
333,Gberia Fotombu,9.88,-11.17,81.63,51,100,5.53,SL,1608059612
334,Alice Springs,-23.7,133.88,87.8,22,40,8.05,AU,1608059602
335,Airai,-8.93,125.41,61.09,100,97,2.24,TL,1608059612
336,Askarovo,53.34,58.51,14.0,56,95,11.18,RU,1608059613
337,Belmonte,-15.86,-38.88,80.6,65,40,12.75,BR,1608059613
338,Hasaki,35.73,140.83,32.0,50,20,6.93,JP,1608059613
339,Cayenne,4.93,-52.33,86.0,70,20,12.75,GF,1608059613
340,Wuda,39.5,106.71,9.9,76,0,0.25,CN,1608059613
341,Herat Province,34.5,62.0,31.8,75,0,4.16,AF,1608059614
342,São João da Barra,-21.64,-41.05,86.0,58,0,19.46,BR,1608059614
343,Suşehri,40.16,38.09,44.62,74,100,2.57,TR,1608059614
344,Cherskiy,68.75,161.3,-20.24,88,94,2.01,RU,1608059614
345,Badarpur,24.9,92.6,59.22,81,0,2.68,IN,1608059614
346,Olafsvik,64.89,-23.71,38.01,83,86,33.49,IS,1608059614
347,Clarence Town,-32.58,151.78,72.0,100,75,1.12,AU,1608059614
348,Flinders,-34.58,150.86,72.0,96,99,4.0,AU,1608059615
349,Guerrero Negro,27.98,-114.06,67.14,36,0,1.7,MX,1608059615
350,Leningradskiy,69.38,178.42,18.75,91,100,23.06,RU,1608059615
351,La Ronge,55.1,-105.28,-4.0,76,100,6.93,CA,1608059615
352,Balotra,25.83,72.23,61.61,41,0,10.2,IN,1608059615
353,Guilin,25.28,110.29,37.4,86,90,2.24,CN,1608059615
354,Kincardine,56.07,-3.72,44.6,87,40,8.05,GB,1608059615
355,Puri,19.8,85.85,69.8,83,0,5.37,IN,1608059616
356,Biak,-0.91,122.88,78.76,74,66,3.74,ID,1608059616
357,Charter Township of Clinton,42.59,-82.92,28.99,58,75,3.36,US,1608059581
358,Palauig,15.44,119.9,79.12,71,98,4.94,PH,1608059616
359,Petropavlovka,50.61,105.32,-2.52,84,97,3.83,RU,1608059616
360,Gamba,-2.65,10.0,78.19,88,100,8.57,GA,1608059616
361,Senanga,-16.12,23.27,69.62,89,100,6.4,ZM,1608059617
362,Correntina,-13.34,-44.64,88.57,38,4,5.7,BR,1608059617
363,Qidong,31.81,121.66,41.0,55,9,12.91,CN,1608059617
364,Kitaibaraki,36.78,140.75,34.0,41,6,12.19,JP,1608059617
365,Nanortalik,60.14,-45.24,26.96,87,0,4.43,GL,1608059617
366,Houston,29.76,-95.36,52.0,93,90,10.29,US,1608058888
367,Nelson Bay,-32.72,152.15,72.0,100,75,1.12,AU,1608059617
368,Carhuaz,-9.28,-77.64,64.4,50,100,5.73,PE,1608059618
369,Lagos,6.58,3.75,79.25,83,7,5.26,NG,1608059499
370,Teya,60.38,92.63,-20.96,83,52,4.81,RU,1608059618
371,Ulverstone,-41.15,146.17,60.01,72,100,1.01,AU,1608059618
372,Ryōtsu-minato,38.08,138.43,32.23,94,100,23.94,JP,1608059618
373,Merauke,-8.47,140.33,78.03,89,100,9.17,ID,1608059618
374,Kaeo,-35.1,173.78,59.0,85,0,5.01,NZ,1608059618
375,Waingapu,-9.66,120.26,78.76,82,96,5.5,ID,1608059619
376,Great Yarmouth,52.61,1.73,46.99,87,0,8.05,GB,1608059619
377,Tautira,-17.73,-149.15,86.0,58,20,19.46,PF,1608059619
378,Mandera,3.94,41.87,84.7,25,0,8.86,KE,1608059619
379,Shache,38.42,77.24,22.89,97,17,5.79,CN,1608059620
380,Codrington,-38.27,141.97,54.97,94,100,15.23,AU,1608059620
381,Nyurba,63.28,118.33,-22.02,87,32,4.23,RU,1608059620
382,Port Macquarie,-31.43,152.92,71.6,100,75,10.02,AU,1608059620
383,Santa Cruz de Barahona,18.21,-71.1,86.0,66,20,11.41,DO,1608059620
384,Seymchan,62.88,152.43,-18.96,85,100,8.66,RU,1608059620
385,Sørland,67.67,12.69,41.0,76,40,11.41,NO,1608059620
386,Camacha,33.08,-16.33,64.4,55,75,12.75,PT,1608059620
387,Russell,32.35,-85.2,57.0,54,90,5.82,US,1608059621
388,Skibbereen,51.55,-9.27,46.4,87,75,19.46,IE,1608059621
389,Dunedin,-45.87,170.5,57.99,75,100,4.0,NZ,1608059621
390,Candolim,15.52,73.76,77.0,83,56,5.82,IN,1608059621
391,Beverly Hills,34.07,-118.4,66.99,20,1,5.82,US,1608059467
392,Departamento de Maldonado,-34.67,-54.92,64.4,72,75,17.22,UY,1608059352
393,Laguna,38.42,-121.42,51.01,76,90,6.93,US,1608059622
394,Ziro,27.63,93.83,36.99,100,6,1.88,IN,1608059622
395,Severo-Kuril'sk,50.68,156.12,30.25,95,100,10.09,RU,1608059622
396,Madang,-5.22,145.8,76.12,89,95,4.36,PG,1608059622
397,Den Helder,52.96,4.76,45.0,100,0,8.05,NL,1608059427
398,Awjilah,29.11,21.29,56.97,65,3,8.55,LY,1608059622
399,Nizwá,22.93,57.53,58.21,58,99,1.54,OM,1608059622
400,Road Town,18.42,-64.62,82.4,74,40,8.05,VG,1608059623
401,City of San Pedro,14.35,121.02,79.0,78,20,3.36,PH,1608059623
402,Olavarría,-36.89,-60.32,73.99,24,0,5.01,AR,1608059623
403,Bānsdīh,25.88,84.22,66.45,36,59,6.29,IN,1608059623
404,Barra Patuca,15.8,-84.28,81.39,75,59,7.23,HN,1608059623
405,Svetlaya,46.54,138.33,4.8,77,55,13.71,RU,1608059624
406,Qandala,11.47,49.87,75.13,73,22,10.09,SO,1608059624
407,Souillac,-20.52,57.52,77.0,94,40,13.87,MU,1608059624
408,Hobyo,5.35,48.53,77.97,74,0,20.02,SO,1608059624
409,Kachīry,53.07,76.1,4.64,94,100,8.25,KZ,1608059624
410,Lidköping,58.51,13.16,44.6,100,100,10.29,SE,1608059624
411,Lake Shasta,40.68,-122.37,46.0,81,100,1.66,US,1608059625
412,Forsytheganj,52.63,29.73,28.26,98,43,4.25,BY,1608059625
413,Smithers,54.78,-127.17,24.8,92,90,6.93,CA,1608059625
414,Marzuq,14.4,46.47,53.08,40,0,0.76,YE,1608059625
415,Yumen,40.28,97.2,10.76,87,31,0.6,CN,1608059625
416,Antofagasta,-23.65,-70.4,71.01,68,40,14.99,CL,1608059625
417,Mandiana,10.63,-8.68,86.09,30,100,1.28,GN,1608059626
418,St. George's,12.06,-61.75,87.8,66,0,5.82,GD,1608059626
419,Outjo,-20.12,16.15,75.2,44,0,10.29,NA,1608059626
420,Yar-Sale,66.83,70.83,-7.74,87,99,17.0,RU,1608059626
421,Araguari,-18.65,-48.19,87.8,43,40,5.82,BR,1608059594
422,Portland,45.52,-122.68,48.2,87,90,18.34,US,1608059403
423,Yangi Marg`ilon,40.43,71.72,33.8,69,90,2.24,UZ,1608059627
424,Palu,-0.89,119.87,75.97,72,80,1.88,ID,1608059627
425,Ekhabi,53.51,142.97,15.67,94,100,26.51,RU,1608059627
426,Padang,-0.95,100.35,77.85,75,100,4.21,ID,1608059627
427,Oakland,42.67,-83.4,28.0,53,75,4.65,US,1608059627
428,Point Pleasant,40.08,-74.07,39.99,44,1,12.75,US,1608059627
429,Liverpool,53.41,-2.98,46.99,81,0,8.05,GB,1608059628
430,Puerto del Rosario,28.5,-13.86,68.0,77,40,11.41,ES,1608059628
431,Shingū,33.73,135.98,35.67,82,2,9.24,JP,1608059628
432,Vila Franca do Campo,37.72,-25.43,60.8,82,20,20.8,PT,1608059628
433,São Félix do Xingu,-6.64,-51.99,92.19,42,90,3.56,BR,1608059628
434,Loyga,61.08,44.61,20.23,98,100,4.56,RU,1608059628
435,Pimentel,-6.84,-79.93,77.0,65,0,14.99,PE,1608059629
436,Panzhihua,26.59,101.71,51.48,70,0,1.43,CN,1608059629
437,Nekrasovka,48.35,135.23,-7.6,57,0,13.42,RU,1608059629
438,Richards Bay,-28.78,32.04,73.51,91,100,9.06,ZA,1608059629
439,Dubbo,-32.25,148.62,71.6,78,16,10.29,AU,1608059629
440,Yuryuzan',54.86,58.42,18.82,86,100,3.74,RU,1608059629
441,Curup,-3.47,102.53,68.65,92,100,1.43,ID,1608059630
442,Balabac,7.99,117.06,82.0,80,29,14.41,PH,1608059630
443,Almenara,-16.18,-40.69,84.0,55,9,5.91,BR,1608059587
444,Fare,-16.7,-151.02,80.71,78,55,18.32,PF,1608059630
445,Tambopata,-12.73,-69.18,86.0,70,75,11.41,PE,1608059630
446,Otjiwarongo,-20.46,16.65,75.2,44,18,10.29,NA,1608059631
447,Poronaysk,49.22,143.12,12.52,81,100,15.26,RU,1608059631
448,Tabory,58.52,64.55,16.63,93,84,6.44,RU,1608059631
449,Manokwari,-0.87,134.08,80.44,75,100,4.74,ID,1608059631
450,Touros,-5.2,-35.46,86.0,58,20,14.99,BR,1608059631
451,Uyuni,-20.46,-66.83,65.98,13,39,11.45,BO,1608059631
452,Pouembout,-21.13,164.9,74.32,80,0,3.44,NC,1608059631
453,Kautokeino,69.01,23.04,17.73,96,89,1.59,NO,1608059632
454,Vostok,46.49,135.88,-17.23,90,100,4.72,RU,1608059632
455,Vardø,70.37,31.11,32.0,94,75,10.29,NO,1608059632
456,Avera,33.19,-82.53,48.2,66,90,9.17,US,1608059632
457,Esna,25.29,32.55,60.17,41,0,9.66,EG,1608059632
458,Leshukonskoye,64.9,45.76,13.39,97,91,4.21,RU,1608059633
459,Amahai,-3.33,128.92,84.99,83,100,1.01,ID,1608059633
460,Margherita di Savoia,41.37,16.15,50.0,87,75,2.24,IT,1608059633
461,Along,28.17,94.77,51.39,74,0,1.41,IN,1608059633
462,Bereda,43.27,-7.54,51.01,76,100,13.0,ES,1608059633
463,Chiredzi,-21.05,31.67,77.23,76,72,3.85,ZW,1608059633
464,Mata,40.68,-7.46,44.47,87,88,4.29,PT,1608059634
465,Nicoya,10.15,-85.45,87.8,58,40,13.87,CR,1608059634
466,Kralendijk,12.15,-68.27,84.2,70,99,14.99,BQ,1608059634
467,Batagay,67.63,134.63,-41.35,75,77,0.96,RU,1608059634
468,San Cristobal,7.77,-72.22,84.2,70,40,9.17,VE,1608059634
469,Coyhaique,-45.58,-72.07,53.6,54,90,8.05,CL,1608059634
470,Itoman,26.12,127.67,60.8,82,75,18.34,JP,1608059634
471,Sobolevo,54.43,31.9,27.93,98,92,4.03,RU,1608059635
472,Belaya Gora,68.53,146.42,-26.59,85,96,3.78,RU,1608059635
473,Lincoln,40.8,-96.67,23.0,84,100,1.99,US,1608059468
474,Zhob,31.34,69.45,36.81,64,0,4.05,PK,1608059635
475,Severnyy,50.68,36.55,30.2,100,90,4.47,RU,1608059635
476,Kenora,49.82,-94.43,3.2,77,90,6.93,CA,1608059635
477,Albion,42.24,-84.75,28.99,54,75,3.36,US,1608059635
478,Ossora,59.24,163.07,16.38,96,100,19.93,RU,1608059636
479,Ndendé,-2.4,11.36,75.6,94,100,5.23,GA,1608059636
480,Pascagoula,30.37,-88.56,55.99,58,1,4.7,US,1608059636
481,Kiama,-34.68,150.87,72.0,96,98,5.99,AU,1608059636
482,Honningsvåg,70.98,25.97,35.6,90,75,4.7,NO,1608059636
483,Edd,13.93,41.69,77.29,58,37,19.53,ER,1608059636
484,Alekseyevsk,57.84,108.35,13.17,94,100,10.18,RU,1608059637
485,Tazovsky,67.47,78.7,-9.33,87,99,16.44,RU,1608059637
486,Puerto Asís,0.51,-76.5,73.4,88,90,10.29,CO,1608059444
487,Jacqueville,5.21,-4.41,82.4,83,20,8.05,CI,1608059637
488,Ouango,4.31,22.56,79.38,46,44,2.35,CF,1608059637
489,Jaciara,-15.97,-54.97,92.59,43,100,4.5,BR,1608059533
490,Cockburn Town,21.46,-71.14,80.6,57,40,11.41,TC,1608059387
491,Ipirá,-12.16,-39.74,90.99,30,70,9.64,BR,1608059473
492,Shenjiamen,29.96,122.3,44.37,69,100,18.68,CN,1608059638
493,Gizo Government Station,-8.1,156.84,83.12,73,89,6.46,SB,1608059638
494,Pangnirtung,66.15,-65.71,8.6,71,90,6.93,CA,1608059638
495,Chirongui,-12.93,45.15,78.8,88,0,4.7,YT,1608059638
496,Dingle,11.0,122.67,75.04,92,13,7.99,PH,1608059638
497,Carolina,18.38,-65.96,84.0,69,40,9.17,PR,1608059638
498,Nouakchott,18.09,-15.98,75.2,47,0,9.17,MR,1608059639
499,Iracoubo,5.48,-53.2,82.6,73,100,8.21,GF,1608059639
500,Rawson,-43.3,-65.1,71.33,22,0,11.95,AR,1608059639
501,Blessington,53.17,-6.53,45.0,75,40,12.75,IE,1608059639
502,Dali,25.7,100.18,45.21,79,0,4.43,CN,1608059639
503,Laredo,27.51,-99.51,57.2,67,1,5.82,US,1608059360
504,Mayo,38.89,-76.51,42.01,48,1,8.05,US,1608059373
505,Nālūt,30.33,10.85,56.66,36,0,7.9,LY,1608059640
506,Cassilândia,-19.11,-51.73,93.2,36,100,5.95,BR,1608059640
507,Voh,-20.97,164.7,74.1,81,0,3.78,NC,1608059640
508,Apatou,5.16,-54.35,81.66,87,86,3.58,GF,1608059640
509,Mandalgovi,45.76,106.27,0.16,83,0,13.15,MN,1608059641
510,Imeni Poliny Osipenko,52.42,136.49,-7.28,88,100,2.84,RU,1608059641
511,Makat,47.65,53.35,27.93,94,0,16.89,KZ,1608059641
512,Ust-Tsilma,65.44,52.15,10.11,96,100,4.5,RU,1608059641
513,Hambantota,6.12,81.12,73.4,100,0,3.36,LK,1608059641
514,Sliema,35.91,14.5,57.0,87,20,1.12,MT,1608059641
515,Haines Junction,60.75,-137.51,3.2,84,100,1.12,CA,1608059641
516,Epanomí,40.43,22.93,48.99,93,20,3.36,GR,1608059642
517,Waipawa,-41.41,175.52,60.01,77,0,25.28,NZ,1608059642
518,La Rioja,42.25,-2.5,48.0,87,0,3.36,ES,1608059374
519,Peace River,56.25,-117.29,5.0,84,90,6.93,CA,1608059642
520,Talakan,50.32,130.37,-14.73,86,27,6.26,RU,1608059643
521,Villazón,-22.09,-65.59,68.34,20,0,5.21,BO,1608059643
522,Port Lincoln,-34.73,135.87,60.39,84,100,13.49,AU,1608059643
523,Ville-Marie,47.33,-79.43,-4.0,58,1,8.05,CA,1608059401
524,Amalāpuram,16.58,82.02,73.13,88,2,4.74,IN,1608059644
525,Yola,9.2,12.48,82.51,16,0,2.13,NG,1608059644
526,Inuvik,68.35,-133.72,-14.8,83,100,3.36,CA,1608059597
527,Hofn,64.25,-15.21,39.27,91,100,22.66,IS,1608059644
528,Périgueux,45.18,0.72,46.0,85,0,4.72,FR,1608059644
529,Hualmay,-11.1,-77.61,72.88,67,75,9.82,PE,1608059645
530,Misungwi,-2.85,33.08,75.2,78,20,4.0,TZ,1608059645
531,Kayerkan,69.35,87.76,-11.2,83,75,8.95,RU,1608059645
532,Pochutla,15.74,-96.47,86.0,62,90,8.05,MX,1608059645
533,Lagoa,39.05,-27.98,60.39,68,100,21.36,PT,1608059645
534,Abalak,58.13,68.59,14.16,97,100,5.99,RU,1608059645
535,Christchurch,-43.53,172.63,61.0,93,0,9.17,NZ,1608059370
536,Sept-Îles,50.2,-66.38,15.8,56,100,24.16,CA,1608059646
537,Sangar,63.92,127.47,-47.88,76,54,4.79,RU,1608059646
538,Lisala,2.15,21.52,77.85,62,47,1.28,CD,1608059646
539,Port Hedland,-20.32,118.57,80.6,78,23,8.05,AU,1608059646
540,Bollnäs,61.35,16.39,41.0,98,100,4.97,SE,1608059646
541,Mogadishu,2.04,45.34,77.56,79,0,19.86,SO,1608059647
542,Ulladulla,-35.35,150.47,70.0,100,90,9.17,AU,1608059647
543,Lubumbashi,-11.66,27.48,64.47,94,100,4.21,CD,1608059647
544,Manggar,-2.88,108.27,80.15,81,100,4.05,ID,1608059647
545,Kankakee,41.15,-87.87,32.0,80,1,11.41,US,1608059647
